﻿Id;Categoria;Nombre;Descripcion;Precio
1;plato de entrada;Tacos de Pescado;Tortillas crujientes rellenas de pescado fresco y vegetales.;7500
2;plato de entrada;Bruschetta Tradicional;Rebanadas de pan artesanal con tomate, albahaca y aceite de oliva.;6000
3;plato de entrada;Rollitos de Primavera;Deliciosos rollitos fritos rellenos de verduras frescas.;5500
4;plato de entrada;Guacamole con Totopos;Dip de aguacate servido con totopos crujientes.;6000
5;plato de entrada;Sopa de Tomate Asado;Sopa cremosa de tomates asados, especiada con albahaca.;6500
6;plato de fondo;Filete de Res al Grill;Jugoso filete de res asado a la perfección, acompañado de guarnición.;12000
7;plato de fondo;Pasta Alfredo;Fettuccine en crema suave, con pollo y champiñones.;10000
8;plato de fondo;Salmón Teriyaki;Salmón marinado en salsa teriyaki, servido con arroz.;11500
9;plato de fondo;Ensalada César;Clásica ensalada con lechuga, pollo, crotones y aderezo César.;10500
10;plato de fondo;Pizza Margarita;Pizza delgada con salsa de tomate, mozzarella y albahaca fresca.;10000
11;bebestible;Limonada Natural;Refrescante bebida de limón fresco, endulzada al gusto.;3500
12;bebestible;Mojito Clásico;Bebida refrescante de ron, menta, lima y soda.;4500
13;bebestible;Batido de Frutas;Batido cremoso de frutas de temporada, ideal para cualquier momento.;3000
14;bebestible;Infusión de Hierbas;Bebida caliente de hierbas seleccionadas, ideal para relajarse.;2500
15;bebestible;Cerveza Artesanal;Cerveza local elaborada con ingredientes frescos y naturales.;5000
16;postre;Tiramisú Clásico;Postre italiano de café, mascarpone y cacao.;4500
17;postre;Brownie de Chocolate;Deliciosa pieza de brownie, húmeda y esponjosa, con nueces.;5000
18;postre;Cheesecake de Frutas;Postre cremoso con base de galleta y frutas frescas.;5500
19;postre;Flan Casero;Suave flan con caramelo, perfecto para los amantes del dulce.;4000
20;postre;Helado Artesanal;Helado de múltiples sabores, hecho con ingredientes naturales.;4500
