﻿Id;Nombre;Ingrediente;Cantidad;Unidad
1;Tacos de Pescado;Pescado fresco (como tilapia o mahi-mahi);300,0;gr
1;Tacos de Pescado;Tortillas de maíz;8,0;unidad
1;Tacos de Pescado;Col morada;100,0;gr
1;Tacos de Pescado;Zanahoria;100,0;gr
1;Tacos de Pescado;Cilantro fresco;50,0;gr
1;Tacos de Pescado;Limón;2,0;unidad
1;Tacos de Pescado;Mayonesa;100,0;ml
1;Tacos de Pescado;Especias para pescado (como comino y paprika);10,0;gr
2;Bruschetta Tradicional;Pan artesanal;4,0;unidad
2;Bruschetta Tradicional;Tomate;2,0;unidad
2;Bruschetta Tradicional;Albahaca fresca;10,0;gr
2;Bruschetta Tradicional;Aceite de oliva;30,0;ml
2;Bruschetta Tradicional;Sal;1,0;gr
2;Bruschetta Tradicional;Pimienta negra;1,0;gr
3;Rollitos de Primavera;papel de arroz;10,0;unidad
3;Rollitos de Primavera;zanahoria;100,0;gr
3;Rollitos de Primavera;repollo;100,0;gr
3;Rollitos de Primavera;brotes de soja;50,0;gr
3;Rollitos de Primavera;pimiento rojo;50,0;gr
3;Rollitos de Primavera;cebolla;50,0;gr
3;Rollitos de Primavera;aceite vegetal;200,0;ml
3;Rollitos de Primavera;salsa de soya;50,0;ml
4;Guacamole con Totopos;Aguacate;3,0;unidad
4;Guacamole con Totopos;Cebolla;1,0;unidad
4;Guacamole con Totopos;Tomate;1,0;unidad
4;Guacamole con Totopos;Limón;1,0;unidad
4;Guacamole con Totopos;Cilantro;0,5;unidad
4;Guacamole con Totopos;Sal;1,0;gr
4;Guacamole con Totopos;Totopos;200,0;gr
5;Sopa de Tomate Asado;tomates;800,0;gr
5;Sopa de Tomate Asado;cebolla;200,0;gr
5;Sopa de Tomate Asado;ajo;4,0;unidad
5;Sopa de Tomate Asado;caldo de verduras;1000,0;ml
5;Sopa de Tomate Asado;crema de leche;200,0;ml
5;Sopa de Tomate Asado;albahaca fresca;30,0;gr
5;Sopa de Tomate Asado;aceite de oliva;50,0;ml
5;Sopa de Tomate Asado;sal;10,0;gr
6;Filete de Res al Grill;filete de res;300,0;gr
6;Filete de Res al Grill;sal;10,0;gr
6;Filete de Res al Grill;pimienta negra;5,0;gr
6;Filete de Res al Grill;aceite de oliva;30,0;ml
6;Filete de Res al Grill;ajo;2,0;unidad
6;Filete de Res al Grill;romero fresco;5,0;gr
6;Filete de Res al Grill;papas;200,0;gr
6;Filete de Res al Grill;brócoli;150,0;gr
7;Pasta Alfredo;Fettuccine;250,0;gr
7;Pasta Alfredo;Pechuga de pollo;200,0;gr
7;Pasta Alfredo;Champiñones;150,0;gr
7;Pasta Alfredo;Crema de leche;200,0;ml
7;Pasta Alfredo;Queso parmesano;50,0;gr
7;Pasta Alfredo;Mantequilla;30,0;gr
7;Pasta Alfredo;Ajo;2,0;unidad
7;Pasta Alfredo;Perejil fresco;10,0;gr
8;Salmón Teriyaki;salmón;500,0;gr
8;Salmón Teriyaki;salsa teriyaki;100,0;ml
8;Salmón Teriyaki;arroz;200,0;gr
8;Salmón Teriyaki;aceite de sésamo;15,0;ml
8;Salmón Teriyaki;ajo;3,0;unidad
8;Salmón Teriyaki;jengibre fresco;10,0;gr
8;Salmón Teriyaki;cebollín;2,0;unidad
8;Salmón Teriyaki;sésamo tostado;15,0;gr
9;Ensalada César;Lechuga romana;200,0;gr
9;Ensalada César;Pechuga de pollo;150,0;gr
9;Ensalada César;Crotones;50,0;gr
9;Ensalada César;Queso parmesano;30,0;gr
9;Ensalada César;Aderezo César;50,0;ml
9;Ensalada César;Pimienta;1,0;unidad
9;Ensalada César;Sal;1,0;unidad
10;Pizza Margarita;Masa de pizza;250,0;gr
10;Pizza Margarita;Salsa de tomate;150,0;ml
10;Pizza Margarita;Queso mozzarella;200,0;gr
10;Pizza Margarita;Albahaca fresca;10,0;unidad
10;Pizza Margarita;Aceite de oliva;20,0;ml
10;Pizza Margarita;Sal;5,0;gr
10;Pizza Margarita;Pimienta negra;2,0;gr
11;Limonada Natural;Limones;4,0;unidad
11;Limonada Natural;Agua;1000,0;ml
11;Limonada Natural;Azúcar;100,0;gr
11;Limonada Natural;Hielo;200,0;gr
11;Limonada Natural;Sal;1,0;gr
12;Mojito Clásico;Ron blanco;50,0;ml
12;Mojito Clásico;Hojas de menta;10,0;unidad
12;Mojito Clásico;Lima;1,0;unidad
12;Mojito Clásico;Azúcar;2,0;cucharadas
12;Mojito Clásico;Agua con gas;100,0;ml
12;Mojito Clásico;Hielo;1,0;taza
13;Batido de Frutas;plátano;1,0;unidad
13;Batido de Frutas;fresas;100,0;gr
13;Batido de Frutas;mango;1,0;unidad
13;Batido de Frutas;leche;200,0;ml
13;Batido de Frutas;yogur;150,0;gr
13;Batido de Frutas;miel;2,0;cucharadas
13;Batido de Frutas;hielo;1,0;taza
14;Infusión de Hierbas;Agua;500,0;ml
14;Infusión de Hierbas;Manzanilla;10,0;gr
14;Infusión de Hierbas;Té de menta;5,0;gr
14;Infusión de Hierbas;Hierba buena;5,0;gr
14;Infusión de Hierbas;Jengibre fresco;10,0;gr
14;Infusión de Hierbas;Limón;1,0;unidad
14;Infusión de Hierbas;Miel;20,0;gr
14;Infusión de Hierbas;Canela en rama;1,0;unidad
15;Cerveza Artesanal;Agua;500,0;ml
15;Cerveza Artesanal;Malta de cebada;200,0;gr
15;Cerveza Artesanal;Lúpulo;50,0;gr
15;Cerveza Artesanal;Levadura;10,0;gr
15;Cerveza Artesanal;Azúcar;30,0;gr
15;Cerveza Artesanal;Especias (opcional);5,0;gr
15;Cerveza Artesanal;Saborizantes (opcional);10,0;gr
16;Tiramisú Clásico;Queso mascarpone;500,0;gr
16;Tiramisú Clásico;Huevos;4,0;unidad
16;Tiramisú Clásico;Azúcar;100,0;gr
16;Tiramisú Clásico;Café expreso;200,0;ml
16;Tiramisú Clásico;Bizcochos de soletilla;200,0;gr
16;Tiramisú Clásico;Cacao en polvo;30,0;gr
16;Tiramisú Clásico;Extracto de vainilla;5,0;ml
16;Tiramisú Clásico;Sal;1,0;gr
17;Brownie de Chocolate;Chocolate negro;200,0;gr
17;Brownie de Chocolate;Mantequilla;100,0;gr
17;Brownie de Chocolate;Azúcar;150,0;gr
17;Brownie de Chocolate;Huevos;3,0;unidad
17;Brownie de Chocolate;Harina de trigo;100,0;gr
17;Brownie de Chocolate;Nueces;100,0;gr
17;Brownie de Chocolate;Esencia de vainilla;5,0;ml
17;Brownie de Chocolate;Sal;1,0;gr
18;Cheesecake de Frutas;Galletas Digestive;200,0;gr
18;Cheesecake de Frutas;Mantequilla derretida;100,0;gr
18;Cheesecake de Frutas;Queso crema;400,0;gr
18;Cheesecake de Frutas;Azúcar;150,0;gr
18;Cheesecake de Frutas;Crema agria;200,0;ml
18;Cheesecake de Frutas;Huevos;3,0;unidad
18;Cheesecake de Frutas;Esencia de vainilla;1,0;ml
18;Cheesecake de Frutas;Frutas frescas (fresas, kiwi, mango);300,0;gr
19;Flan Casero;Leche condensada;397,0;gr
19;Flan Casero;Leche evaporada;354,0;ml
19;Flan Casero;Huevos;5,0;unidad
19;Flan Casero;Azúcar;150,0;gr
19;Flan Casero;Agua;100,0;ml
19;Flan Casero;Esencia de vainilla;1,0;ml
19;Flan Casero;Sal;1,0;gr
20;Helado Artesanal;leche;500,0;ml
20;Helado Artesanal;nata para montar;250,0;ml
20;Helado Artesanal;azúcar;150,0;gr
20;Helado Artesanal;yemas de huevo;4,0;unidad
20;Helado Artesanal;extracto de vainilla;10,0;ml
20;Helado Artesanal;frutas frescas;300,0;gr
20;Helado Artesanal;sal;2,0;gr
20;Helado Artesanal;jugos naturales (opcional);100,0;ml
